date	max_temp	mean_temp	min_temp	max_dew	mean_dew	min_dew	max_humidity	mean_humidity	min_humidity	max_pressure	mean_pressure	min_pressure	max_visibilty	mean_visibility	min_visibility	max_wind	mean_wind	min_wind	precipitation	cloud_cover	events	wind_dir	rain	thunderstorm	fog	snow
2012-03-10 00:00:00	56	40	24	24	20	16	74	50	26	30.530000000000001	30.449999999999999	30.34	10	10	10	13	6	17.0	0.0	0		138	False	False	False	False
2012-03-11 00:00:00	67	49	30	43	31	24	78	53	28	30.370000000000001	30.27	30.129999999999999	10	10	10	22	7	32.0	1e-10	1	Rain	163	True	False	False	False
2012-03-12 00:00:00	71	62	53	59	55	43	90	76	61	30.129999999999999	29.989999999999998	29.879999999999999	10	10	6	24	14	36.0	0.029999999999999999	6	Rain	190	True	False	False	False
2012-03-13 00:00:00	76	63	50	57	53	47	93	66	38	30.120000000000001	30.059999999999999	29.969999999999999	10	10	4	16	5	24.0	0.0	0		242	False	False	False	False
2012-03-14 00:00:00	80	62	44	58	52	43	93	68	42	30.149999999999999	30.100000000000001	30.039999999999999	10	10	10	16	6	22.0	0.0	0		202	False	False	False	False
2012-03-15 00:00:00	79	69	58	61	58	53	90	69	48	30.129999999999999	30.079999999999998	30.02	10	10	10	31	10	41.0	0.040000000000000001	3	Rain-Thunderstorm	209	True	True	False	False
2012-03-16 00:00:00	75	64	52	57	54	51	100	75	49	30.140000000000001	30.100000000000001	30.07	10	10	10	14	5	20.0	1e-10	2		169	False	False	False	False
2012-03-17 00:00:00	78	62	46	60	54	46	100	78	56	30.149999999999999	30.109999999999999	30.039999999999999	10	5	0	12	5	17.0	1e-10	3	Fog-Thunderstorm	162	False	True	True	False
2012-03-18 00:00:00	80	70	59	61	58	57	93	69	45	30.140000000000001	30.07	30.02	10	10	9	18	8	25.0	1e-10	2	Rain	197	True	False	False	False
2012-03-19 00:00:00	84	72	59	58	56	50	90	66	42	30.09	30.030000000000001	29.98	10	10	10	17	6	23.0	0.0	1		165	False	False	False	False
2012-03-20 00:00:00	84	71	58	56	54	50	78	58	37	30.09	30.039999999999999	29.989999999999998	10	10	10	17	5	24.0	0.0	0		154	False	False	False	False
2012-03-21 00:00:00	84	71	57	56	54	52	84	58	32	30.140000000000001	30.07	30.02	10	10	10	17	6	23.0	0.0	1		152	False	False	False	False
2012-03-22 00:00:00	81	69	57	63	57	51	87	65	42	30.109999999999999	30.07	30.010000000000002	10	10	2	31	4	41.0	0.14000000000000001	3	Rain	159	True	False	False	False
2012-03-23 00:00:00	73	64	55	61	58	54	97	79	61	30.030000000000001	29.899999999999999	29.760000000000002	10	9	2	21	6	24.0	0.85999999999999999	7	Rain-Thunderstorm	129	True	True	False	False
2012-03-24 00:00:00	65	56	46	54	49	43	100	80	48	29.879999999999999	29.829999999999998	29.789999999999999	10	8	0	12	5	14.0	0.059999999999999998	5	Fog-Rain	222	True	False	True	False
2012-03-25 00:00:00	69	61	52	55	53	51	100	82	63	30.050000000000001	29.960000000000001	29.879999999999999	10	8	4	14	5	20.0	0.0	6		353	False	False	False	False
2012-03-26 00:00:00	63	54	44	52	38	30	96	64	32	30.260000000000002	30.18	30.050000000000001	10	10	9	17	9	22.0	0.0	2		48	False	False	False	False
2012-03-27 00:00:00	70	54	38	42	32	25	64	46	27	30.260000000000002	30.149999999999999	29.98	10	10	10	15	8	20.0	0.0	0		140	False	False	False	False
2012-03-28 00:00:00	77	64	51	56	46	33	73	47	21	29.969999999999999	29.93	29.899999999999999	10	10	10	20	9	25.0	1e-10	2	Thunderstorm	269	False	True	False	False
2012-03-29 00:00:00	69	58	46	45	39	35	76	55	34	30.079999999999998	30.0	29.940000000000001	10	10	10	14	6	17.0	1e-10	2	Rain	84	True	False	False	False
2012-03-30 00:00:00	81	66	51	61	50	42	78	59	39	29.93	29.789999999999999	29.66	10	10	10	25	11	37.0	0.01	4	Rain-Thunderstorm	182	True	True	False	False
2012-03-31 00:00:00	66	58	49	54	47	44	93	71	48	29.91	29.870000000000001	29.800000000000001	10	8	4	13	6	16.0	0.0	4		28	False	False	False	False
2012-04-01 00:00:00	79	64	48	62	52	44	96	75	54	29.890000000000001	29.780000000000001	29.649999999999999	10	6	1	24	7	31.0	0.51000000000000001	4	Rain-Thunderstorm	169	True	True	False	False
2012-04-02 00:00:00	68	62	55	60	51	45	97	73	48	29.899999999999999	29.809999999999999	29.66	10	9	5	16	9	21.0	0.01	3		109	False	False	False	False
2012-04-03 00:00:00	84	69	53	60	51	41	66	53	40	29.920000000000002	29.850000000000001	29.780000000000001	10	10	10	14	6	18.0	0.0	0		188	False	False	False	False
2012-04-04 00:00:00	68	62	55	59	54	42	90	74	57	29.82	29.789999999999999	29.760000000000002	10	8	3	15	7	18.0	0.01	6	Rain-Thunderstorm	42	True	True	False	False
2012-04-05 00:00:00	61	53	44	43	35	30	92	64	36	30.010000000000002	29.870000000000001	29.77	10	9	2	20	12	28.0	0.68999999999999995	3	Rain	66	True	False	False	False
2012-04-06 00:00:00	61	48	35	35	31	28	79	56	32	30.210000000000001	30.16	30.030000000000001	10	10	10	16	8	22.0	0.0	0		55	False	False	False	False
2012-04-07 00:00:00	67	50	32	43	31	26	82	52	22	30.300000000000001	30.23	30.16	10	10	10	10	3	14.0	0.0	1		131	False	False	False	False
2012-04-08 00:00:00	66	56	45	46	34	20	77	48	19	30.27	30.190000000000001	30.149999999999999	10	10	10	21	7	33.0	1e-10	2	Rain	325	True	False	False	False
2012-04-09 00:00:00	67	55	43	36	26	18	58	37	16	30.140000000000001	30.030000000000001	29.960000000000001	10	10	10	23	10	32.0	0.0	0		282	False	False	False	False
2012-04-10 00:00:00	54	44	34	29	23	15	59	41	22	30.100000000000001	30.050000000000001	29.989999999999998	10	10	10	21	7	33.0	0.0	0		315	False	False	False	False
2012-04-11 00:00:00	55	41	27	29	25	22	85	59	32	30.260000000000002	30.210000000000001	30.129999999999999	10	10	10	16	5	22.0	0.0	1		11	False	False	False	False
2012-04-12 00:00:00	61	45	28	34	28	24	92	59	26	30.309999999999999	30.23	30.149999999999999	10	10	10	12	2	16.0	0.0	0		247	False	False	False	False
2012-04-13 00:00:00	64	48	32	40	33	28	89	59	28	30.219999999999999	30.18	30.100000000000001	10	10	10	17	5	22.0	1e-10	2		161	False	False	False	False
2012-04-14 00:00:00	67	59	50	59	52	38	100	76	51	30.100000000000001	30.030000000000001	29.91	10	5	1	18	7	25.0	1.45	7	Rain-Thunderstorm	176	True	True	False	False
2012-04-15 00:00:00	79	72	64	57	56	52	73	60	47	29.960000000000001	29.879999999999999	29.789999999999999	10	10	9	26	15	38.0	0.0	1		196	False	False	False	False
2012-04-16 00:00:00	73	61	48	62	52	43	97	75	52	30.23	29.940000000000001	29.73	10	9	4	30	12	43.0	0.38	5	Rain	233	True	False	False	False
2012-04-17 00:00:00	66	53	40	47	43	39	100	71	42	30.370000000000001	30.289999999999999	30.25	10	8	2	10	2	15.0	0.0	0		24	False	False	False	False
2012-04-18 00:00:00	71	54	37	45	40	36	100	66	31	30.27	30.170000000000002	30.050000000000001	10	9	2	10	2	13.0	0.0	0		36	False	False	False	False
2012-04-19 00:00:00	76	59	42	48	42	40	100	64	27	30.059999999999999	29.98	29.850000000000001	10	10	9	15	5	20.0	1e-10	0	Rain	172	True	False	False	False
2012-04-20 00:00:00	73	58	43	53	47	41	93	70	47	29.890000000000001	29.809999999999999	29.75	10	9	2	21	9	31.0	0.19	5	Rain	273	True	False	False	False
2012-04-21 00:00:00	54	47	40	41	39	37	96	78	59	29.98	29.940000000000001	29.890000000000001	10	9	2	16	6	22.0	0.0	6		6	False	False	False	False
2012-04-22 00:00:00	57	48	38	40	34	28	100	68	35	29.969999999999999	29.920000000000002	29.890000000000001	10	9	4	22	8	26.0	0.0	5		22	False	False	False	False
2012-04-23 00:00:00	60	48	35	31	25	20	64	44	23	29.960000000000001	29.899999999999999	29.82	10	10	10	26	8	35.0	0.0	1		336	False	False	False	False
2012-04-24 00:00:00	64	50	35	47	34	26	83	55	27	29.84	29.780000000000001	29.739999999999998	10	10	10	15	6	21.0	1e-10	4	Rain	271	True	False	False	False
2012-04-25 00:00:00	73	60	47	61	53	46	100	77	53	29.75	29.690000000000001	29.629999999999999	10	8	2	16	7	21.0	0.14999999999999999	2	Rain-Thunderstorm	132	True	True	False	False
2012-04-26 00:00:00	75	59	43	59	50	29	90	68	46	30.050000000000001	29.780000000000001	29.559999999999999	10	10	7	22	12	29.0	0.0	0		331	False	False	False	False
2012-04-27 00:00:00	63	50	36	30	25	21	64	43	21	30.219999999999999	30.129999999999999	30.030000000000001	10	10	10	16	9	22.0	1e-10	0	Rain	69	True	False	False	False
2012-04-28 00:00:00	63	56	48	50	45	30	100	71	41	30.129999999999999	30.02	29.960000000000001	10	8	2	26	11	33.0	0.48999999999999999	7	Rain-Thunderstorm	96	True	True	False	False
2012-04-29 00:00:00	68	57	46	56	48	40	93	78	63	30.170000000000002	30.100000000000001	30.039999999999999	10	9	5	14	8	17.0	0.0	4	Rain	97	True	False	False	False
2012-04-30 00:00:00	81	69	57	64	61	54	93	73	52	30.039999999999999	29.960000000000001	29.890000000000001	10	8	1	22	7	26.0	0.28999999999999998	5	Rain-Thunderstorm	239	True	True	False	False
2012-05-01 00:00:00	79	69	59	70	63	57	100	90	79	30.030000000000001	29.960000000000001	29.84	10	6	0	26	6	44.0	0.85999999999999999	6	Fog-Rain-Thunderstorm	189	True	True	True	False
2012-05-02 00:00:00	87	78	69	66	63	60	78	60	42	30.0	29.940000000000001	29.879999999999999	10	10	5	22	11	31.0	0.0	1		217	False	False	False	False
2012-05-03 00:00:00	86	74	62	64	61	57	93	68	42	30.059999999999999	29.989999999999998	29.940000000000001	10	10	8	22	10	29.0	0.0	0		201	False	False	False	False
2012-05-04 00:00:00	80	72	64	68	65	60	93	78	62	30.030000000000001	29.940000000000001	29.870000000000001	10	9	5	17	7	24.0	0.089999999999999997	6	Rain-Thunderstorm	209	True	True	False	False
2012-05-05 00:00:00	86	74	62	67	64	62	100	74	48	29.969999999999999	29.91	29.870000000000001	10	6	0	9	2	14.0	0.0	3	Fog-Rain-Thunderstorm	144	True	True	True	False
2012-05-06 00:00:00	86	75	63	68	64	61	93	72	51	30.0	29.940000000000001	29.859999999999999	10	8	2	13	6	16.0	0.0	0		136	False	False	False	False
2012-05-07 00:00:00	83	74	64	67	64	60	100	77	54	29.859999999999999	29.82	29.75	10	8	1	25	4	35.0	0.90000000000000002	5	Rain-Thunderstorm	165	True	True	False	False
2012-05-08 00:00:00	74	65	55	64	56	44	97	68	38	29.91	29.859999999999999	29.809999999999999	10	8	5	15	5	20.0	1e-10	4	Rain	314	True	False	False	False
2012-05-09 00:00:00	68	58	48	49	46	41	93	68	42	29.920000000000002	29.890000000000001	29.84	10	10	6	22	6	30.0	0.02	3	Rain	307	True	False	False	False
2012-05-10 00:00:00	70	56	41	46	41	37	96	64	31	30.039999999999999	29.98	29.920000000000002	10	10	7	13	3	18.0	0.0	1		347	False	False	False	False
2012-05-11 00:00:00	75	59	42	52	44	39	96	64	31	30.170000000000002	30.129999999999999	30.050000000000001	10	10	9	9	3	13.0	0.0	0		163	False	False	False	False
2012-05-12 00:00:00	73	62	51	54	49	43	96	65	33	30.239999999999998	30.190000000000001	30.16	10	10	10	8	2	10.0	0.0	1		144	False	False	False	False
2012-05-13 00:00:00	73	64	55	58	55	49	93	69	44	30.170000000000002	30.100000000000001	30.030000000000001	10	10	9	18	6	24.0	0.0	4		94	False	False	False	False
2012-05-14 00:00:00	79	68	57	57	55	51	90	65	40	30.079999999999998	30.030000000000001	29.969999999999999	10	10	10	13	5	20.0	0.0	4		46	False	False	False	False
2012-05-15 00:00:00	81	65	49	54	45	35	93	57	20	30.02	29.98	29.93	10	10	8	10	2	17.0	0.0	0		305	False	False	False	False
2012-05-16 00:00:00	79	67	54	56	49	41	83	60	37	30.030000000000001	29.960000000000001	29.93	10	10	10	15	6	18.0	0.0	0		332	False	False	False	False
2012-05-17 00:00:00	75	62	49	44	40	37	77	51	25	30.120000000000001	30.07	30.039999999999999	10	10	10	16	6	21.0	0.0	0		64	False	False	False	False
2012-05-18 00:00:00	82	64	45	58	50	41	86	63	39	30.09	30.039999999999999	29.989999999999998	10	10	10	10	3	14.0	0.0	0		129	False	False	False	False
2012-05-19 00:00:00	87	72	56	63	58	53	86	61	36	30.100000000000001	30.059999999999999	30.02	10	10	10	10	3	12.0	0.0	0		162	False	False	False	False
2012-05-20 00:00:00	88	74	60	64	60	54	97	67	36	30.129999999999999	30.059999999999999	29.989999999999998	10	9	6	21	3	29.0	0.070000000000000007	1	Thunderstorm	161	False	True	False	False
2012-05-21 00:00:00	78	67	55	63	59	47	93	77	60	30.079999999999998	30.030000000000001	29.989999999999998	10	9	4	16	5	23.0	0.029999999999999999	4	Rain-Thunderstorm	322	True	True	False	False
2012-05-22 00:00:00	76	63	49	54	49	46	96	69	41	30.02	29.960000000000001	29.879999999999999	10	10	10	10	4	15.0	0.0	2		353	False	False	False	False
2012-05-23 00:00:00	80	64	47	57	52	46	93	65	36	29.91	29.870000000000001	29.809999999999999	10	10	9	13	3	22.0	0.0	0		162	False	False	False	False
2012-05-24 00:00:00	86	73	60	60	55	51	90	61	32	29.890000000000001	29.82	29.75	10	9	4	20	9	28.0	0.0	0		162	False	False	False	False
2012-05-25 00:00:00	87	78	69	70	66	57	84	70	55	30.039999999999999	29.969999999999999	29.84	10	10	10	13	7	17.0	0.0	2		199	False	False	False	False
2012-05-26 00:00:00	91	78	64	67	65	63	93	67	41	30.120000000000001	30.07	30.02	10	9	5	14	3	17.0	0.0	0		179	False	False	False	False
2012-05-27 00:00:00	92	80	67	68	65	62	93	66	38	30.039999999999999	30.0	29.940000000000001	10	10	10	14	5	18.0	0.0	0		191	False	False	False	False
2012-05-28 00:00:00	92	80	67	68	66	63	84	61	38	29.960000000000001	29.879999999999999	29.809999999999999	10	10	8	17	6	21.0	0.0	0		199	False	False	False	False
2012-05-29 00:00:00	80	70	59	68	65	58	100	77	54	29.899999999999999	29.84	29.77	10	10	7	21	4	30.0	0.14000000000000001	4	Rain-Thunderstorm	213	True	True	False	False
2012-05-30 00:00:00	78	65	52	57	50	43	93	62	31	29.91	29.870000000000001	29.850000000000001	10	10	10	15	4	23.0	0.0	1		301	False	False	False	False
2012-05-31 00:00:00	78	64	50	62	55	46	93	67	40	29.899999999999999	29.780000000000001	29.670000000000002	10	9	1	15	6	21.0	0.19	4	Rain-Thunderstorm	67	True	True	False	False
2012-06-01 00:00:00	62	56	50	59	53	47	100	84	67	29.879999999999999	29.739999999999998	29.629999999999999	10	6	1	17	7	23.0	0.01	7	Rain	289	True	False	False	False
2012-06-02 00:00:00	70	60	49	56	48	44	93	69	44	29.91	29.870000000000001	29.84	10	10	5	17	7	24.0	0.029999999999999999	3	Rain	245	True	False	False	False
2012-06-03 00:00:00	81	67	52	57	53	50	96	67	37	29.91	29.859999999999999	29.82	10	10	10	16	4	22.0	0.0	1		277	False	False	False	False
2012-06-04 00:00:00	68	62	56	63	59	54	100	84	68	29.890000000000001	29.84	29.780000000000001	10	8	1	9	2	23.0	0.13	4	Rain	323	True	False	False	False
2012-06-05 00:00:00	76	63	49	55	50	47	93	66	38	29.960000000000001	29.899999999999999	29.84	10	10	10	18	7	22.0	0.0	2		37	False	False	False	False
2012-06-06 00:00:00	78	62	45	50	47	44	93	63	33	30.050000000000001	30.0	29.960000000000001	10	10	10	16	5	26.0	0.0	1		38	False	False	False	False
2012-06-07 00:00:00	83	65	47	54	48	45	93	61	28	30.109999999999999	30.07	30.039999999999999	10	10	9	12	3	16.0	0.0	0		33	False	False	False	False
2012-06-08 00:00:00	85	68	51	55	50	43	96	60	23	30.109999999999999	30.050000000000001	29.969999999999999	10	10	10	9	2	13.0	0.0	1		261	False	False	False	False
2012-06-09 00:00:00	87	70	52	60	54	47	93	60	27	30.030000000000001	29.98	29.920000000000002	10	10	10	14	2	18.0	0.0	0		184	False	False	False	False
2012-06-10 00:00:00	88	73	58	63	60	57	100	70	40	30.010000000000002	29.969999999999999	29.93	10	10	5	18	6	26.0	1e-10	1		157	False	False	False	False
2012-06-11 00:00:00	84	75	65	69	66	64	90	77	63	29.960000000000001	29.920000000000002	29.809999999999999	10	10	10	16	5	21.0	0.0	5		186	False	False	False	False
2012-06-12 00:00:00	82	72	61	66	52	42	100	62	24	30.059999999999999	29.969999999999999	29.879999999999999	10	10	4	16	5	21.0	0.0	1		314	False	False	False	False
2012-06-13 00:00:00	82	68	53	52	49	44	71	52	33	30.129999999999999	30.079999999999998	30.039999999999999	10	10	10	14	5	23.0	0.0	0		58	False	False	False	False
2012-06-14 00:00:00	86	68	50	52	48	43	96	60	23	30.120000000000001	30.079999999999998	30.030000000000001	10	10	10	13	4	16.0	0.0	0		131	False	False	False	False
2012-06-15 00:00:00	90	70	50	56	51	46	96	60	23	30.120000000000001	30.07	30.039999999999999	10	10	9	12	2	16.0	0.0	0		130	False	False	False	False
2012-06-16 00:00:00	92	77	61	68	62	56	90	63	36	30.129999999999999	30.059999999999999	29.98	10	10	10	16	6	22.0	0.0	0		202	False	False	False	False
2012-06-17 00:00:00	86	80	73	68	66	64	79	64	48	29.989999999999998	29.920000000000002	29.870000000000001	10	10	10	18	9	25.0	0.02	2		222	False	False	False	False
2012-06-18 00:00:00	91	81	70	70	64	60	90	64	38	29.940000000000001	29.890000000000001	29.859999999999999	10	10	8	21	10	29.0	0.01	1	Rain-Thunderstorm	209	True	True	False	False
2012-06-19 00:00:00	93	81	68	65	62	59	78	56	34	30.07	30.02	29.949999999999999	10	10	10	18	8	25.0	0.0	0		200	False	False	False	False
2012-06-20 00:00:00	93	79	64	64	61	56	87	59	30	30.129999999999999	30.059999999999999	29.989999999999998	10	10	10	15	7	21.0	0.0	0		191	False	False	False	False
2012-06-21 00:00:00	92	79	65	66	62	57	87	60	32	30.02	29.969999999999999	29.890000000000001	10	10	10	20	7	25.0	0.0	2		251	False	False	False	False
2012-06-22 00:00:00	88	74	60	66	59	51	100	65	30	29.989999999999998	29.960000000000001	29.91	10	6	0	14	4	18.0	0.0	1	Fog	350	False	False	True	False
2012-06-23 00:00:00	89	71	52	60	51	45	93	58	22	30.030000000000001	29.989999999999998	29.960000000000001	10	10	10	13	3	18.0	0.0	0		76	False	False	False	False
2012-06-24 00:00:00	92	75	58	61	56	52	90	59	27	30.010000000000002	29.960000000000001	29.899999999999999	10	10	10	10	1	20.0	0.0	0		261	False	False	False	False
2012-06-25 00:00:00	89	79	68	62	53	39	78	48	18	29.949999999999999	29.91	29.879999999999999	10	10	7	20	9	25.0	0.0	2		34	False	False	False	False
2012-06-26 00:00:00	84	70	56	49	44	38	64	42	20	30.030000000000001	29.969999999999999	29.93	10	10	10	17	7	24.0	0.0	0		76	False	False	False	False
2012-06-27 00:00:00	92	72	51	52	48	44	89	55	20	30.039999999999999	29.969999999999999	29.890000000000001	10	10	10	13	5	18.0	0.0	0		188	False	False	False	False
2012-06-28 00:00:00	103	85	67	63	57	51	68	45	22	29.91	29.870000000000001	29.82	10	10	10	18	9	26.0	0.0	0		246	False	False	False	False
2012-06-29 00:00:00	103	89	74	74	66	58	74	50	25	29.890000000000001	29.84	29.789999999999999	10	10	10	22	6	26.0	0.0	0		268	False	False	False	False
2012-06-30 00:00:00	98	85	71	71	66	63	84	59	33	29.879999999999999	29.829999999999998	29.780000000000001	10	10	10	18	4	26.0	0.0	0		107	False	False	False	False
2012-07-01 00:00:00	101	84	67	69	66	61	93	61	29	30.030000000000001	29.93	29.859999999999999	10	10	8	25	6	31.0	0.10000000000000001	2	Thunderstorm	178	False	True	False	False
2012-07-02 00:00:00	98	82	65	70	65	62	100	67	33	30.030000000000001	29.98	29.920000000000002	10	9	4	14	3	18.0	0.0	1	Thunderstorm	242	False	True	False	False
2012-07-03 00:00:00	95	80	65	68	64	62	87	62	36	30.010000000000002	29.940000000000001	29.859999999999999	10	10	10	13	4	16.0	0.0	0	Thunderstorm	237	False	True	False	False
2012-07-04 00:00:00	101	87	73	71	67	64	84	58	31	29.949999999999999	29.91	29.870000000000001	10	10	10	13	5	18.0	0.0	1		253	False	False	False	False
2012-07-05 00:00:00	103	87	70	71	65	58	90	57	23	29.969999999999999	29.93	29.890000000000001	10	10	10	13	3	20.0	0.0	0		314	False	False	False	False
2012-07-06 00:00:00	104	87	69	72	67	63	97	62	27	29.98	29.949999999999999	29.890000000000001	10	10	10	13	2	17.0	0.0	1		286	False	False	False	False
2012-07-07 00:00:00	106	89	72	77	70	56	91	55	19	29.969999999999999	29.940000000000001	29.890000000000001	10	9	2	31	3	46.0	0.35999999999999999	3	Rain-Thunderstorm	133	True	True	False	False
2012-07-08 00:00:00	95	83	71	74	70	66	93	70	46	30.039999999999999	29.949999999999999	29.890000000000001	10	9	2	23	3	33.0	0.27000000000000002	3	Rain-Thunderstorm	312	True	True	False	False
2012-07-09 00:00:00	90	78	66	68	64	60	97	69	40	30.02	29.989999999999998	29.949999999999999	10	10	10	13	4		0.0	3		73	False	False	False	False
2012-07-10 00:00:00	94	78	61	63	56	48	93	58	22	30.030000000000001	30.0	29.960000000000001	10	10	9	12	5	16.0	0.0	0		35	False	False	False	False
2012-07-11 00:00:00	95	79	63	60	56	53	81	54	26	30.07	30.030000000000001	29.989999999999998	10	10	10	13	5	17.0	0.0	0		66	False	False	False	False
2012-07-12 00:00:00	95	80	64	66	59	53	74	50	26	30.059999999999999	30.030000000000001	30.0	10	10	10	21	5	29.0	0.0	1	Thunderstorm	115	False	True	False	False
2012-07-13 00:00:00	89	76	63	68	66	63	100	71	41	30.109999999999999	30.059999999999999	30.0	10	10	8	13	5	18.0	0.0	2		137	False	False	False	False
2012-07-14 00:00:00	83	77	70	73	70	67	93	79	65	30.140000000000001	30.079999999999998	30.02	10	10	4	13	4	16.0	0.16	5	Rain	211	True	False	False	False
2012-07-15 00:00:00	91	81	71	72	70	66	93	70	47	30.149999999999999	30.079999999999998	30.0	10	10	5	14	6	18.0	0.0	3		226	False	False	False	False
2012-07-16 00:00:00	94	83	71	72	70	67	93	67	41	30.050000000000001	29.989999999999998	29.899999999999999	10	10	10	16	6	20.0	0.0	0		246	False	False	False	False
2012-07-17 00:00:00	98	87	75	73	70	68	94	69	43	29.940000000000001	29.899999999999999	29.850000000000001	10	10	10	15	6	22.0	1e-10	1	Thunderstorm	239	False	True	False	False
2012-07-18 00:00:00	100	87	74	73	70	65	87	61	35	29.949999999999999	29.91	29.859999999999999	10	10	10	18	5	23.0	0.0	1	Thunderstorm	193	False	True	False	False
2012-07-19 00:00:00	97	85	73	74	71	66	94	68	42	29.969999999999999	29.890000000000001	29.789999999999999	10	9	2	20	5	25.0	0.26000000000000001	2	Rain-Thunderstorm	203	True	True	False	False
2012-07-20 00:00:00	84	76	68	72	69	62	93	78	62	30.039999999999999	29.949999999999999	29.84	10	8	2	17	7	21.0	0.0	6		17	False	False	False	False
2012-07-21 00:00:00	91	73	55	64	57	51	100	64	27	30.109999999999999	30.059999999999999	30.02	10	8	2	15	4	20.0	0.0	0		61	False	False	False	False
2012-07-22 00:00:00	95	78	60	65	61	59	100	66	32	30.140000000000001	30.09	30.039999999999999	10	10	10	13	3	22.0	0.0	0		172	False	False	False	False
2012-07-23 00:00:00	98	83	67	72	67	61	90	63	35	30.100000000000001	30.039999999999999	29.960000000000001	10	10	10	17	8	24.0	0.0	0		240	False	False	False	False
2012-07-24 00:00:00	99	88	77	72	70	66	74	55	35	29.960000000000001	29.91	29.850000000000001	10	10	10	15	7	22.0	0.0	0		258	False	False	False	False
2012-07-25 00:00:00	101	88	74	72	68	65	84	59	33	29.91	29.829999999999998	29.739999999999998	10	10	10	13	7	25.0	0.0	0		201	False	False	False	False
2012-07-26 00:00:00	94	86	77	72	69	64	69	55	41	29.780000000000001	29.75	29.710000000000001	10	10	10	18	9	24.0	1e-10	1	Rain	255	True	False	False	False
2012-07-27 00:00:00	95	82	68	71	66	57	93	65	36	29.93	29.850000000000001	29.789999999999999	10	9	2	22	6	35.0	0.31	2	Rain-Thunderstorm	252	True	True	False	False
2012-07-28 00:00:00	87	76	64	65	61	58	93	65	37	30.059999999999999	30.030000000000001	29.949999999999999	10	10	10	15	5	18.0	0.0	1		6	False	False	False	False
2012-07-29 00:00:00	88	72	56	63	59	50	100	65	29	30.100000000000001	30.039999999999999	29.98	10	10	8	9	2	16.0	0.0	0		191	False	False	False	False
2012-07-30 00:00:00	91	77	63	65	62	60	93	66	38	30.0	29.940000000000001	29.890000000000001	10	10	7	12	4	22.0	0.0	1		144	False	False	False	False
2012-07-31 00:00:00	93	79	64	66	64	59	100	70	39	29.949999999999999	29.899999999999999	29.850000000000001	10	10	6	24	4	35.0	0.0	1	Thunderstorm	338	False	True	False	False
2012-08-01 00:00:00	94	79	64	68	60	51	93	60	26	29.920000000000002	29.890000000000001	29.84	10	10	6	14	5	20.0	0.0	0		23	False	False	False	False
2012-08-02 00:00:00	97	77	56	59	54	42	86	51	16	29.890000000000001	29.850000000000001	29.780000000000001	10	10	10	12	4	16.0	1e-10	0		144	False	False	False	False
2012-08-03 00:00:00	86	77	68	72	69	67	93	77	61	29.93	29.879999999999999	29.82	10	10	7	14	6	23.0	0.050000000000000003	4	Rain	135	True	False	False	False
2012-08-04 00:00:00	96	84	72	75	72	66	100	74	47	29.949999999999999	29.91	29.84	10	8	0	20	9	26.0	0.0	4	Fog	176	False	False	True	False
2012-08-05 00:00:00	92	77	62	74	67	55	88	60	32	30.120000000000001	30.02	29.920000000000002	10	10	10	22	7	31.0	1e-10	3	Rain	236	True	False	False	False
2012-08-06 00:00:00	90	75	59	61	57	54	93	61	29	30.140000000000001	30.079999999999998	29.989999999999998	10	10	10	12	2	15.0	0.0	0		126	False	False	False	False
2012-08-07 00:00:00	97	77	57	61	53	41	93	54	15	30.010000000000002	29.969999999999999	29.91	10	10	10	10	2	16.0	0.0	0		10	False	False	False	False
2012-08-08 00:00:00	98	80	62	70	58	54	84	54	24	29.98	29.940000000000001	29.870000000000001	10	10	7	16	6	21.0	0.059999999999999998	1	Rain-Thunderstorm	269	True	True	False	False
2012-08-09 00:00:00	89	77	65	67	64	60	93	67	40	29.960000000000001	29.84	29.73	10	10	5	21	6	32.0	0.32000000000000001	3	Rain-Thunderstorm	125	True	True	False	False
2012-08-10 00:00:00	78	70	62	67	61	51	100	75	49	29.93	29.809999999999999	29.719999999999999	10	8	2	21	6	29.0	0.01	6	Rain-Thunderstorm	319	True	True	False	False
2012-08-11 00:00:00	81	68	54	55	50	43	100	64	28	30.0	29.960000000000001	29.91	10	10	10	15	4	24.0	0.0	0		314	False	False	False	False
2012-08-12 00:00:00	84	67	49	56	50	42	93	59	24	30.050000000000001	30.010000000000002	29.989999999999998	10	10	10	12	2	16.0	1e-10	1		248	False	False	False	False
2012-08-13 00:00:00	81	70	59	64	60	55	93	71	49	29.989999999999998	29.93	29.879999999999999	10	10	10	14	4	20.0	0.029999999999999999	5	Rain	168	True	False	False	False
2012-08-14 00:00:00	77	69	60	65	61	57	93	72	50	29.960000000000001	29.920000000000002	29.859999999999999	10	10	6	12	4	15.0	0.0	7		356	False	False	False	False
2012-08-15 00:00:00	87	71	54	60	56	53	100	66	31	30.0	29.960000000000001	29.920000000000002	10	9	4	12	2	15.0	0.0	2		75	False	False	False	False
2012-08-16 00:00:00	87	72	57	66	62	55	93	68	43	29.989999999999998	29.91	29.809999999999999	10	7	0	39	8	53.0	1.8500000000000001	4	Fog-Rain-Thunderstorm	110	True	True	True	False
2012-08-17 00:00:00	80	68	55	65	60	51	93	66	39	29.989999999999998	29.940000000000001	29.890000000000001	10	9	2	13	4	16.0	0.02	5	Rain	290	True	False	False	False
2012-08-18 00:00:00	80	65	50	55	49	41	100	64	27	30.010000000000002	29.960000000000001	29.91	10	10	9	10	2	16.0	0.0	0		82	False	False	False	False
2012-08-19 00:00:00	82	67	51	56	50	42	96	62	28	29.949999999999999	29.920000000000002	29.890000000000001	10	10	10	14	3	21.0	0.0	1		1	False	False	False	False
2012-08-20 00:00:00	82	67	51	59	52	46	100	65	30	29.989999999999998	29.949999999999999	29.920000000000002	10	10	9	13	3	20.0	0.01	2	Rain-Thunderstorm	332	True	True	False	False
2012-08-21 00:00:00	80	66	52	60	55	49	100	67	33	30.09	30.039999999999999	29.989999999999998	10	10	6	10	2	14.0	0.01	1	Rain	136	True	False	False	False
2012-08-22 00:00:00	85	69	52	57	52	46	100	64	27	30.140000000000001	30.100000000000001	30.050000000000001	10	8	0	10	2	14.0	0.0	0	Fog	114	False	False	True	False
2012-08-23 00:00:00	88	70	52	57	54	49	93	61	28	30.120000000000001	30.079999999999998	30.039999999999999	10	10	10	10	2	15.0	0.0	0		151	False	False	False	False
2012-08-24 00:00:00	92	74	56	62	58	54	93	63	32	30.09	30.039999999999999	29.98	10	10	10	13	3	20.0	0.0	0		145	False	False	False	False
2012-08-25 00:00:00	92	76	59	65	60	55	97	65	32	30.100000000000001	30.050000000000001	30.02	10	10	7	13	3	17.0	0.0	1		146	False	False	False	False
2012-08-26 00:00:00	89	76	62	66	63	61	87	66	45	30.120000000000001	30.050000000000001	29.98	10	10	7	16	5	21.0	0.0	1		197	False	False	False	False
2012-08-27 00:00:00	87	77	67	72	69	62	93	74	55	30.07	30.030000000000001	29.960000000000001	10	7	1	15	6	18.0	0.53000000000000003	6	Rain	244	True	False	False	False
2012-08-28 00:00:00	86	72	58	61	58	54	97	66	35	30.09	30.050000000000001	30.0	10	10	6	15	5	21.0	0.0	0		28	False	False	False	False
2012-08-29 00:00:00	87	72	56	62	58	55	93	65	37	30.079999999999998	30.030000000000001	29.98	10	10	6	13	3	16.0	0.0	0		42	False	False	False	False
2012-08-30 00:00:00	88	72	56	60	57	54	93	62	31	30.09	30.039999999999999	29.989999999999998	10	10	10	15	4	18.0	0.0	0		126	False	False	False	False
2012-08-31 00:00:00	86	79	71	72	70	63	93	79	65	30.16	30.079999999999998	30.02	10	10	10	14	6	18.0	1e-10	1	Rain	179	True	False	False	False
2012-09-01 00:00:00	84	79	74	73	72	71	93	81	69	30.07	30.0	29.899999999999999	10	10	6	15	8	20.0	0.02	3	Rain	153	True	False	False	False
2012-09-02 00:00:00	76	74	72	73	72	70	100	91	82	29.920000000000002	29.82	29.760000000000002	10	5	1	17	9	24.0	2.0	8	Rain	134	True	False	False	False
2012-09-03 00:00:00	82	76	70	73	72	70	100	87	74	29.899999999999999	29.84	29.780000000000001	10	5	0	9	4	12.0	0.01	6	Fog-Rain	68	True	False	True	False
2012-09-04 00:00:00	89	79	69	73	71	68	100	78	55	29.920000000000002	29.879999999999999	29.829999999999998	10	5	0	9	1	16.0	0.0	4	Fog	13	False	False	True	False
2012-09-05 00:00:00	85	74	63	72	67	64	100	83	65	29.940000000000001	29.870000000000001	29.809999999999999	10	6	0	17	3	26.0	0.92000000000000004	3	Fog-Rain-Thunderstorm	236	True	True	True	False
2012-09-06 00:00:00	86	74	62	70	67	62	100	81	61	29.98	29.920000000000002	29.859999999999999	10	5	0	10	2	14.0	0.0	2	Fog	220	False	False	True	False
2012-09-07 00:00:00	89	77	65	70	67	64	100	73	46	29.93	29.84	29.640000000000001	10	4	0	23	5	33.0	1.1000000000000001	3	Fog-Rain-Thunderstorm	197	True	True	True	False
2012-09-08 00:00:00	72	64	56	67	58	48	100	72	44	29.940000000000001	29.809999999999999	29.710000000000001	10	9	2	22	6	31.0	0.17000000000000001	6	Rain	313	True	False	False	False
2012-09-09 00:00:00	76	65	53	55	53	50	93	70	46	30.100000000000001	29.98	29.890000000000001	10	10	10	13	5	18.0	0.0	2		318	False	False	False	False
2012-09-10 00:00:00	77	64	50	57	52	49	96	67	38	30.219999999999999	30.16	30.120000000000001	10	10	10	9	2	18.0	0.0	0		49	False	False	False	False
2012-09-11 00:00:00	80	65	49	57	52	49	100	68	35	30.25	30.190000000000001	30.149999999999999	10	10	10	13	3	17.0	0.0	0		166	False	False	False	False
2012-09-12 00:00:00	83	68	52	61	56	51	100	70	40	30.25	30.199999999999999	30.170000000000002	10	10	8	16	4	22.0	0.0	3		184	False	False	False	False
2012-09-13 00:00:00	82	71	60	62	60	57	93	69	45	30.27	30.219999999999999	30.190000000000001	10	10	9	13	3	17.0	0.0	5		182	False	False	False	False
2012-09-14 00:00:00	70	60	50	61	56	47	100	74	47	30.300000000000001	30.25	30.190000000000001	10	8	2	14	5	20.0	0.01	4	Rain	20	True	False	False	False
2012-09-15 00:00:00	74	60	46	55	49	45	100	69	38	30.329999999999998	30.260000000000002	30.16	10	10	2	13	2	18.0	0.0	0		100	False	False	False	False
2012-09-16 00:00:00	78	64	50	59	52	47	100	68	36	30.149999999999999	30.09	30.010000000000002	10	10	9	9	2	14.0	0.0	3		134	False	False	False	False
2012-09-17 00:00:00	69	63	56	66	63	55	93	87	81	30.010000000000002	29.850000000000001	29.739999999999998	10	6	1	10	3	13.0	1.1299999999999999	8	Rain	165	True	False	False	False
2012-09-18 00:00:00	66	55	44	65	54	36	93	65	36	30.050000000000001	29.800000000000001	29.68	10	8	3	17	6	24.0	1e-10	6	Rain	308	True	False	False	False
2012-09-19 00:00:00	69	54	39	41	39	36	93	62	30	30.170000000000002	30.100000000000001	30.039999999999999	10	10	10	13	4	17.0	0.0	0		202	False	False	False	False
2012-09-20 00:00:00	66	58	50	57	49	41	93	75	56	30.039999999999999	29.98	29.940000000000001	10	10	7	18	6	25.0	0.040000000000000001	3	Rain	222	True	False	False	False
2012-09-21 00:00:00	72	58	44	59	52	44	100	76	52	29.989999999999998	29.879999999999999	29.699999999999999	10	6	0	18	4	28.0	0.63	4	Fog-Rain-Thunderstorm	166	True	True	True	False
2012-09-22 00:00:00	67	53	39	59	50	32	100	66	32	30.18	29.920000000000002	29.760000000000002	10	7	0	21	7	31.0	0.0	4	Fog-Rain	285	True	False	True	False
2012-09-23 00:00:00	63	49	35	42	38	35	100	70	39	30.27	30.23	30.18	10	10	10	13	2	17.0	0.0	1		300	False	False	False	False
2012-09-24 00:00:00	68	52	35	42	37	32	92	60	28	30.27	30.18	30.039999999999999	10	10	10	14	5	17.0	0.0	0		212	False	False	False	False
2012-09-25 00:00:00	71	63	54	63	56	39	97	72	47	30.030000000000001	29.969999999999999	29.899999999999999	10	8	2	21	9	32.0	0.5	5	Rain-Thunderstorm	199	True	True	False	False
2012-09-26 00:00:00	70	65	60	66	62	58	100	92	84	30.100000000000001	30.030000000000001	29.91	10	6	0	32	7	44.0	0.70999999999999996	6	Fog-Rain-Thunderstorm	218	True	True	True	False
2012-09-27 00:00:00	73	67	60	64	63	60	100	82	64	30.149999999999999	30.100000000000001	30.050000000000001	10	4	0	8	2	12.0	0.13	7	Fog-Rain-Thunderstorm	254	True	True	True	False
2012-09-28 00:00:00	72	62	51	61	57	46	100	71	41	30.120000000000001	30.079999999999998	30.030000000000001	10	4	0	9	2	14.0	0.01	4	Fog-Rain	341	True	False	True	False
2012-09-29 00:00:00	74	61	48	57	52	48	100	71	41	30.100000000000001	30.050000000000001	29.960000000000001	10	6	0	8	3	13.0	0.0	3	Fog	9	False	False	True	False
2012-09-30 00:00:00	72	60	48	50	47	42	93	64	35	29.949999999999999	29.890000000000001	29.850000000000001	10	10	7	12	5	15.0	0.0	0		15	False	False	False	False
2012-10-01 00:00:00	61	56	51	54	50	44	93	78	62	29.879999999999999	29.760000000000002	29.68	10	7	2	18	8	25.0	0.72999999999999998	5	Rain	44	True	False	False	False
2012-10-02 00:00:00	60	57	53	58	55	52	100	95	90	29.879999999999999	29.75	29.66	10	4	2	20	7	26.0	0.19	8	Rain	53	True	False	False	False
2012-10-03 00:00:00	72	64	55	55	53	50	100	75	49	30.100000000000001	29.989999999999998	29.879999999999999	10	9	3	16	7	21.0	0.0	5		204	False	False	False	False
2012-10-04 00:00:00	77	64	51	57	54	49	93	72	50	30.190000000000001	30.140000000000001	30.109999999999999	10	10	10	16	7	22.0	0.0	2		213	False	False	False	False
2012-10-05 00:00:00	62	51	40	56	45	38	96	79	62	30.170000000000002	30.09	30.039999999999999	10	7	2	16	6	24.0	1.52	6	Rain-Thunderstorm	352	True	True	False	False
2012-10-06 00:00:00	53	44	35	40	36	33	100	75	50	30.199999999999999	30.140000000000001	30.100000000000001	10	10	10	12	4	15.0	0.0	3		297	False	False	False	False
2012-10-07 00:00:00	52	43	34	37	33	29	92	67	42	30.210000000000001	30.18	30.149999999999999	10	10	10	13	3	16.0	0.0	5		289	False	False	False	False
2012-10-08 00:00:00	56	43	30	36	31	28	100	68	35	30.260000000000002	30.199999999999999	30.129999999999999	10	7	0	10	2	14.0	0.0	1	Fog	220	False	False	True	False
2012-10-09 00:00:00	63	48	32	40	37	31	96	68	39	30.140000000000001	30.050000000000001	29.960000000000001	10	10	7	17	5	23.0	0.0	0		204	False	False	False	False
2012-10-10 00:00:00	54	44	33	45	35	24	89	62	35	30.260000000000002	30.100000000000001	29.93	10	10	9	16	7	23.0	1e-10	3	Rain	293	True	False	False	False
2012-10-11 00:00:00	60	45	29	38	32	27	92	64	36	30.300000000000001	30.25	30.170000000000002	10	10	10	13	4	17.0	0.0	0		211	False	False	False	False
2012-10-12 00:00:00	62	50	38	42	39	37	92	69	46	30.359999999999999	30.280000000000001	30.190000000000001	10	10	10	15	4	21.0	0.0	0		54	False	False	False	False
2012-10-13 00:00:00	72	59	45	63	53	38	83	75	67	30.280000000000001	30.120000000000001	29.960000000000001	10	10	9	16	9	23.0	0.0	4		175	False	False	False	False
2012-10-14 00:00:00	73	63	53	62	59	51	86	70	53	29.920000000000002	29.780000000000001	29.670000000000002	10	10	6	33	17	46.0	0.029999999999999999	6	Rain	214	True	False	False	False
2012-10-15 00:00:00	62	52	42	52	42	35	92	64	36	29.98	29.91	29.84	10	10	6	17	6	26.0	0.0	2	Rain	288	True	False	False	False
2012-10-16 00:00:00	69	52	35	48	42	35	100	70	40	29.989999999999998	29.879999999999999	29.75	10	10	9	16	6	22.0	0.0	0		161	False	False	False	False
2012-10-17 00:00:00	70	61	52	55	49	46	77	63	49	29.739999999999998	29.629999999999999	29.449999999999999	10	10	4	23	12	35.0	0.46999999999999997	4	Rain-Thunderstorm	187	True	True	False	False
2012-10-18 00:00:00	62	55	48	55	45	28	93	61	29	29.640000000000001	29.550000000000001	29.460000000000001	10	8	2	28	12	45.0	0.39000000000000001	5	Rain	224	True	False	False	False
2012-10-19 00:00:00	54	50	46	45	43	34	93	70	46	29.73	29.620000000000001	29.530000000000001	10	9	2	17	8	23.0	0.26000000000000001	8	Rain	238	True	False	False	False
2012-10-20 00:00:00	53	47	40	46	44	39	96	84	71	30.0	29.850000000000001	29.73	10	10	4	14	6	16.0	0.01	7	Rain	250	True	False	False	False
2012-10-21 00:00:00	71	54	37	49	44	36	96	70	44	30.079999999999998	30.030000000000001	29.98	10	9	3	14	6	18.0	0.0	0		145	False	False	False	False
2012-10-22 00:00:00	77	68	59	59	52	48	70	57	43	30.059999999999999	30.02	29.960000000000001	10	10	10	17	8	23.0	1e-10	4		187	False	False	False	False
2012-10-23 00:00:00	77	70	63	56	51	48	63	55	46	30.030000000000001	29.989999999999998	29.960000000000001	10	10	9	17	8	25.0	1e-10	5	Rain	210	True	False	False	False
2012-10-24 00:00:00	79	69	58	59	53	49	75	57	39	30.07	30.010000000000002	29.969999999999999	10	10	7	15	7	18.0	0.0	1		191	False	False	False	False
2012-10-25 00:00:00	78	66	53	57	54	51	86	66	45	29.989999999999998	29.93	29.879999999999999	10	10	10	20	9	28.0	0.0	1		173	False	False	False	False
2012-10-26 00:00:00	57	48	39	52	41	35	93	82	71	30.219999999999999	30.140000000000001	29.969999999999999	10	9	4	16	9	23.0	0.17000000000000001	8	Rain	347	True	False	False	False
2012-10-27 00:00:00	54	44	34	36	33	30	85	65	44	30.190000000000001	30.16	30.120000000000001	10	10	10	20	11	24.0	0.0	0		3	False	False	False	False
2012-10-28 00:00:00	51	43	34	34	31	27	96	70	44	30.16	30.140000000000001	30.100000000000001	10	10	10	20	10	25.0	0.0	2		4	False	False	False	False
2012-10-29 00:00:00	55	45	35	32	27	21	76	52	28	30.140000000000001	30.07	29.91	10	10	10	28	13	38.0	0.0	0		346	False	False	False	False
2012-10-30 00:00:00	44	42	39	34	30	28	70	64	57	29.879999999999999	29.75	29.699999999999999	10	10	9	20	10	30.0	0.02	5	Rain	312	True	False	False	False
2012-10-31 00:00:00	48	41	33	31	28	25	75	62	49	29.879999999999999	29.809999999999999	29.75	10	10	10	17	9	25.0	0.0	3		294	False	False	False	False
2012-11-01 00:00:00	55	43	30	31	23	15	72	47	22	29.949999999999999	29.890000000000001	29.850000000000001	10	10	10	16	7	22.0	0.0	3		272	False	False	False	False
2012-11-02 00:00:00	55	43	31	33	31	28	82	62	41	30.100000000000001	29.989999999999998	29.829999999999998	10	10	5	12	4	15.0	0.0	0		355	False	False	False	False
2012-11-03 00:00:00	41	38	34	38	35	29	92	84	75	30.16	30.120000000000001	30.07	10	10	6	13	6	16.0	0.17999999999999999	6	Rain	60	True	False	False	False
2012-11-04 00:00:00	49	38	27	34	30	26	96	73	50	30.219999999999999	30.18	30.149999999999999	10	8	3	14	4	18.0	0.0	0		4	False	False	False	False
2012-11-05 00:00:00	50	37	23	30	26	21	96	71	45	30.18	30.140000000000001	30.09	10	8	3	9	2	13.0	0.0	0		69	False	False	False	False
2012-11-06 00:00:00	51	38	25	39	31	23	92	69	46	30.09	30.0	29.91	10	8	4	7	2	10.0	0.029999999999999999	5	Rain	181	True	False	False	False
2012-11-07 00:00:00	47	40	32	39	38	31	100	86	71	30.16	29.98	29.879999999999999	10	4	1	8	2	10.0	0.050000000000000003	7	Rain	43	True	False	False	False
2012-11-08 00:00:00	49	38	27	37	32	26	100	81	61	30.260000000000002	30.199999999999999	30.140000000000001	10	3	0	9	1	12.0	0.0	3	Fog	278	False	False	True	False
2012-11-09 00:00:00	62	45	28	41	33	27	100	72	43	30.219999999999999	30.140000000000001	30.059999999999999	10	5	0	17	7	21.0	0.0	1	Fog	154	False	False	True	False
2012-11-10 00:00:00	73	61	48	47	42	39	71	53	35	30.149999999999999	30.100000000000001	30.050000000000001	10	10	10	21	10	28.0	0.0	0		185	False	False	False	False
2012-11-11 00:00:00	67	60	53	53	44	41	64	54	44	30.149999999999999	30.050000000000001	29.949999999999999	10	10	8	25	13	35.0	0.089999999999999997	2	Rain	178	True	False	False	False
2012-11-12 00:00:00	57	43	28	54	38	21	96	72	48	30.41	30.129999999999999	29.960000000000001	10	6	0	21	8	29.0	0.77000000000000002	6	Fog-Rain-Snow	267	True	False	True	True
2012-11-13 00:00:00	43	34	24	24	22	21	85	64	43	30.530000000000001	30.48	30.41	10	10	10	8	2	14.0	0.0	0		351	False	False	False	False
2012-11-14 00:00:00	44	34	24	27	24	20	92	71	49	30.530000000000001	30.460000000000001	30.390000000000001	10	10	8	13	3	16.0	0.0	0		84	False	False	False	False
2012-11-15 00:00:00	47	35	22	30	25	20	96	73	49	30.399999999999999	30.370000000000001	30.329999999999998	10	6	2	7	1	9.0	0.0	0		39	False	False	False	False
2012-11-16 00:00:00	53	38	22	32	26	20	96	67	38	30.489999999999998	30.440000000000001	30.379999999999999	10	6	2	10	2	13.0	0.0	0		44	False	False	False	False
2012-11-17 00:00:00	57	40	23	34	27	22	92	61	30	30.559999999999999	30.48	30.440000000000001	10	6	2	10	2	13.0	0.0	0		93	False	False	False	False
2012-11-18 00:00:00	61	44	27	32	28	24	92	60	27	30.440000000000001	30.399999999999999	30.34	10	10	10	8	1	9.0	0.0	0		128	False	False	False	False
2012-11-19 00:00:00	60	45	30	39	33	27	85	61	36	30.350000000000001	30.280000000000001	30.170000000000002	10	10	7	8	0	10.0	0.0	2		120	False	False	False	False
2012-11-20 00:00:00	59	49	39	43	40	35	85	68	51	30.16	30.109999999999999	30.059999999999999	10	10	8	9	2	13.0	0.0	7		259	False	False	False	False
2012-11-21 00:00:00	63	49	35	46	41	34	100	74	48	30.25	30.199999999999999	30.140000000000001	10	4	0	8	2	9.0	0.0	1	Fog	7	False	False	True	False
2012-11-22 00:00:00	64	47	30	47	36	28	100	70	39	30.199999999999999	30.129999999999999	29.989999999999998	10	6	0	26	7	36.0	0.080000000000000002	1	Fog-Rain	189	True	False	True	False
2012-11-23 00:00:00	53	41	28	51	34	17	93	72	51	30.239999999999998	30.079999999999998	29.960000000000001	10	9	4	24	11	36.0	0.16	5	Rain	287	True	False	False	False
2012-11-24 00:00:00	31	26	21	20	18	15	81	72	63	30.300000000000001	30.23	30.109999999999999	10	10	9	9	4	14.0	0.0	4		270	False	False	False	False
2012-11-25 00:00:00	48	37	26	30	25	21	82	62	42	30.100000000000001	30.0	29.91	10	10	9	20	7	28.0	0.0	0		226	False	False	False	False
2012-11-26 00:00:00	48	36	24	30	27	22	92	66	39	30.27	30.16	30.059999999999999	10	9	3	17	5	21.0	0.0	4		18	False	False	False	False
2012-11-27 00:00:00	41	32	23	29	25	20	92	71	50	30.399999999999999	30.32	30.260000000000002	10	9	4	13	4	16.0	0.0	3		6	False	False	False	False
2012-11-28 00:00:00	45	34	22	25	21	19	88	64	40	30.449999999999999	30.390000000000001	30.329999999999998	10	8	4	8	1	13.0	0.0	0		265	False	False	False	False
2012-11-29 00:00:00	51	36	20	29	26	19	92	67	41	30.390000000000001	30.289999999999999	30.18	10	9	4	16	6	21.0	0.0	0		190	False	False	False	False
2012-11-30 00:00:00	58	48	38	38	32	26	79	61	42	30.190000000000001	30.16	30.109999999999999	10	10	7	21	9	28.0	0.0	1		209	False	False	False	False
2012-12-01 00:00:00	66	55	44	46	42	39	82	65	48	30.210000000000001	30.16	30.079999999999998	10	9	8	18	7	25.0	0.0	7		168	False	False	False	False
2012-12-02 00:00:00	63	60	56	59	54	47	97	76	55	30.100000000000001	30.050000000000001	29.989999999999998	10	8	4	23	11	31.0	0.16	8	Rain	216	True	False	False	False
2012-12-03 00:00:00	71	66	61	59	56	49	97	79	60	30.109999999999999	30.059999999999999	30.0	10	10	6	23	11	29.0	0.029999999999999999	5	Rain	203	True	False	False	False
2012-12-04 00:00:00	65	51	37	58	49	37	93	75	56	30.239999999999998	30.07	30.0	10	8	1	22	8	30.0	0.089999999999999997	7	Rain	250	True	False	False	False
2012-12-05 00:00:00	51	41	31	35	32	28	100	73	46	30.379999999999999	30.300000000000001	30.239999999999998	10	10	8	9	4	13.0	0.0	0		57	False	False	False	False
2012-12-06 00:00:00	50	40	29	43	34	26	89	71	52	30.219999999999999	30.07	29.969999999999999	10	10	8	10	6	13.0	0.0	4		146	False	False	False	False
2012-12-07 00:00:00	54	51	47	52	49	44	100	93	86	29.960000000000001	29.879999999999999	29.809999999999999	9	2	0	10	3	14.0	0.10000000000000001	8	Fog-Rain	139	True	False	True	False
2012-12-08 00:00:00	52	49	46	52	46	39	100	91	86	30.010000000000002	29.91	29.829999999999998	10	6	2	10	4	13.0	1e-10	8	Rain	338	True	False	False	False
2012-12-09 00:00:00	59	52	44	56	51	42	100	93	86	30.010000000000002	29.800000000000001	29.690000000000001	10	5	0	16	7	25.0	0.33000000000000002	8	Fog-Rain	176	True	False	True	False
2012-12-10 00:00:00	48	39	29	45	32	25	96	87	78	29.989999999999998	29.809999999999999	29.739999999999998	10	8	2	16	9	23.0	0.0	8		299	False	False	False	False
2012-12-11 00:00:00	37	31	24	25	22	19	85	69	52	30.25	30.120000000000001	29.989999999999998	10	10	9	13	6	18.0	0.0	4		259	False	False	False	False
2012-12-12 00:00:00	45	33	20	26	22	17	91	68	45	30.390000000000001	30.34	30.260000000000002	10	9	5	9	2	12.0	0.0	0		141	False	False	False	False
2012-12-13 00:00:00	50	35	20	28	22	18	88	60	32	30.420000000000002	30.34	30.25	10	10	8	13	4	15.0	0.0	0		172	False	False	False	False
2012-12-14 00:00:00	54	39	23	29	24	20	81	57	32	30.289999999999999	30.210000000000001	30.120000000000001	10	10	8	15	5	20.0	0.0	0		192	False	False	False	False
2012-12-15 00:00:00	56	48	39	52	41	27	89	71	53	30.109999999999999	29.879999999999999	29.739999999999998	10	9	3	22	10	30.0	0.13	7	Rain	176	True	False	False	False
2012-12-16 00:00:00	57	46	34	52	45	34	100	86	71	29.739999999999998	29.710000000000001	29.670000000000002	10	8	0	22	8	30.0	0.0	4	Fog	233	False	False	True	False
2012-12-17 00:00:00	46	40	34	45	39	33	100	95	89	29.73	29.670000000000002	29.57	10	2	0	14	5	17.0	0.17999999999999999	8	Fog-Rain	360	True	False	True	False
2012-12-18 00:00:00	48	42	36	38	34	33	92	76	60	29.870000000000001	29.780000000000001	29.690000000000001	10	7	2	17	8	24.0	0.01	6	Rain	245	True	False	False	False
2012-12-19 00:00:00	46	39	32	37	33	28	89	77	65	30.050000000000001	29.960000000000001	29.829999999999998	10	8	5	18	8	25.0	0.059999999999999998	4	Rain	109	True	False	False	False
2012-12-20 00:00:00	57	43	28	50	36	25	92	79	66	29.75	29.440000000000001	29.23	10	5	0	35	19	54.0	0.44	8	Fog-Rain-Snow-Thunderstorm	219	True	True	True	True
2012-12-21 00:00:00	29	26	22	25	19	15	85	74	63	30.210000000000001	29.859999999999999	29.600000000000001	10	5	0	25	14	39.0	0.02	7	Fog-Snow	285	False	False	True	True
2012-12-22 00:00:00	33	22	10	18	15	7	88	68	47	30.300000000000001	30.199999999999999	30.050000000000001	10	10	7	12	4	16.0	0.0	1		226	False	False	False	False
2012-12-23 00:00:00	48	34	20	29	25	16	85	64	42	30.02	29.949999999999999	29.91	10	10	10	18	5	24.0	0.0	0		241	False	False	False	False
2012-12-24 00:00:00	40	36	31	38	31	26	100	88	75	30.050000000000001	29.859999999999999	29.789999999999999	10	5	0	14	4	21.0	0.040000000000000001	7	Fog-Rain	304	True	False	True	False
2012-12-25 00:00:00	34	32	30	29	27	23	92	79	66	30.210000000000001	30.109999999999999	29.989999999999998	10	6	2	20	9	26.0	0.0	8		17	False	False	False	False
2012-12-26 00:00:00	33	31	29	29	27	23	92	81	69	30.02	29.75	29.649999999999999	10	3	0	28	16	38.0	0.47999999999999998	8	Fog-Snow	16	False	False	True	True
2012-12-27 00:00:00	33	31	29	26	24	22	85	76	66	30.199999999999999	30.120000000000001	30.0	10	10	8	8	3	14.0	0.0	8		301	False	False	False	False
2012-12-28 00:00:00	33	31	29	28	26	25	85	80	75	30.129999999999999	29.98	29.800000000000001	10	8	1	10	4	14.0	0.040000000000000001	8	Snow	119	False	False	False	True
2012-12-29 00:00:00	32	28	23	28	25	16	92	80	68	30.289999999999999	29.940000000000001	29.77	10	3	0	18	9	29.0	0.20000000000000001	8	Fog-Snow	308	False	False	True	True
2012-12-30 00:00:00	31	18	4	21	12	1	92	75	58	30.469999999999999	30.390000000000001	30.289999999999999	10	6	0	15	6	21.0	0.0	1	Fog	220	False	False	True	False
2012-12-31 00:00:00	36	31	25	31	28	21	92	78	64	30.280000000000001	30.129999999999999	30.059999999999999	10	4	0	18	7	28.0	0.12	7	Fog-Snow	228	False	False	True	True
2013-01-01 00:00:00	32	26	20	31	25	16	92	83	74	30.199999999999999	30.109999999999999	30.039999999999999	9	5	2	14	5	15.0	1e-10	8		353	False	False	False	False
2013-01-02 00:00:00	25	13	1	13	7	-2	92	71	50	30.289999999999999	30.239999999999998	30.190000000000001	10	8	4	6	1	7.0	0.0	0		226	False	False	False	False
2013-01-03 00:00:00	33	18	3	23	14	-1	86	74	61	30.359999999999999	30.289999999999999	30.23	10	9	7	10	5	15.0	0.0	3		253	False	False	False	False
2013-01-04 00:00:00	31	24	17	23	20	14	92	75	58	30.390000000000001	30.350000000000001	30.300000000000001	10	9	4	17	7	24.0	0.0	3		258	False	False	False	False
2013-01-05 00:00:00	39	24	9	28	20	7	92	70	48	30.359999999999999	30.280000000000001	30.149999999999999	10	7	2	16	5	22.0	1e-10	4	Snow	204	False	False	False	True
2013-01-06 00:00:00	37	30	22	31	25	19	82	73	64	30.390000000000001	30.18	30.050000000000001	10	8	5	18	8	28.0	0.0	7		266	False	False	False	False
2013-01-07 00:00:00	37	24	10	24	16	7	100	83	59	30.469999999999999	30.379999999999999	30.239999999999998	10	5	0	13	1	17.0	0.0	0	Fog	156	False	False	True	False
2013-01-08 00:00:00	45	31	17	30	23	14	92	71	49	30.289999999999999	30.239999999999998	30.210000000000001	10	8	3	12	4	16.0	0.0	0		165	False	False	False	False
2013-01-09 00:00:00	51	41	30	40	35	29	100	73	46	30.510000000000002	30.34	30.199999999999999	10	8	2	17	5	26.0	0.0	4	Rain	243	True	False	False	False
2013-01-10 00:00:00	47	38	29	45	36	27	96	80	64	30.5	30.260000000000002	30.010000000000002	10	6	2	17	8	24.0	0.14000000000000001	6	Rain	120	True	False	False	False
2013-01-11 00:00:00	59	53	47	54	51	46	100	86	72	29.989999999999998	29.890000000000001	29.84	10	6	0	26	11	31.0	0.81999999999999995	6	Fog-Rain	184	True	False	True	False
2013-01-12 00:00:00	66	61	55	61	55	47	93	80	67	29.989999999999998	29.870000000000001	29.670000000000002	10	7	1	21	8	28.0	1.1599999999999999	6	Rain	199	True	False	False	False
2013-01-13 00:00:00	65	45	25	61	37	20	93	87	81	30.239999999999998	29.91	29.640000000000001	10	5	1	21	7	28.0	1.73	8	Rain	324	True	False	False	False
2013-01-14 00:00:00	26	22	18	19	16	12	88	81	74	30.460000000000001	30.379999999999999	30.260000000000002	10	9	7	12	6	15.0	0.0	5		347	False	False	False	False
2013-01-15 00:00:00	34	27	19	24	19	15	84	70	56	30.390000000000001	30.27	30.09	10	8	5	13	7	17.0	0.0	3		42	False	False	False	False
2013-01-16 00:00:00	35	32	29	25	22	19	85	71	56	30.109999999999999	30.07	30.010000000000002	10	9	6	13	5	16.0	0.0	5		252	False	False	False	False
2013-01-17 00:00:00	43	34	24	31	24	18	85	68	50	30.43	30.239999999999998	30.109999999999999	10	10	9	18	6	24.0	0.0	2		344	False	False	False	False
2013-01-18 00:00:00	42	30	18	24	19	14	92	67	41	30.52	30.399999999999999	30.199999999999999	10	10	9	20	7	25.0	0.0	0		189	False	False	False	False
2013-01-19 00:00:00	54	46	38	36	28	21	65	53	41	30.190000000000001	30.059999999999999	29.920000000000002	10	10	10	26	15	35.0	0.0	0		222	False	False	False	False
2013-01-20 00:00:00	45	35	24	36	14	6	76	54	32	30.280000000000001	30.190000000000001	29.989999999999998	10	10	10	22	8	32.0	0.0	2		307	False	False	False	False
2013-01-21 00:00:00	24	18	12	16	7	-4	74	59	43	30.32	30.219999999999999	30.16	10	10	10	22	10	31.0	1e-10	4		291	False	False	False	False
2013-01-22 00:00:00	18	12	5	0	-3	-5	69	56	43	30.440000000000001	30.379999999999999	30.32	10	10	10	15	6	22.0	0.0	1		282	False	False	False	False
2013-01-23 00:00:00	31	20	9	17	8	0	73	56	39	30.390000000000001	30.260000000000002	30.140000000000001	10	10	6	15	5	21.0	0.0	4		236	False	False	False	False
2013-01-24 00:00:00	26	19	11	14	4	-5	73	50	27	30.600000000000001	30.440000000000001	30.219999999999999	10	10	2	17	8	24.0	1e-10	2	Snow	30	False	False	False	True
2013-01-25 00:00:00	30	25	20	18	12	0	74	57	39	30.350000000000001	30.149999999999999	30.059999999999999	10	8	1	16	7	21.0	0.02	6	Snow	192	False	False	False	True
2013-01-26 00:00:00	35	26	17	18	15	12	84	61	38	30.43	30.32	30.170000000000002	10	10	5	10	4	14.0	0.0	0		8	False	False	False	False
2013-01-27 00:00:00	40	31	21	38	24	15	92	72	52	30.399999999999999	30.260000000000002	30.07	10	6	2	15	9	21.0	0.19	5	Rain	139	True	False	False	False
2013-01-28 00:00:00	58	49	39	55	48	37	96	84	71	30.100000000000001	30.030000000000001	29.989999999999998	10	4	2	28	13	41.0	0.40000000000000002	8	Rain	202	True	False	False	False
2013-01-29 00:00:00	67	62	56	57	54	51	86	79	72	30.0	29.82	29.43	10	8	4	28	16	38.0	0.0	7		192	False	False	False	False
2013-01-30 00:00:00	68	48	27	57	42	20	96	82	68	29.699999999999999	29.420000000000002	29.289999999999999	10	7	2	39	14	63.0	0.98999999999999999	8	Rain-Snow	260	True	False	False	True
2013-01-31 00:00:00	31	21	10	22	14	-2	81	67	53	30.190000000000001	29.940000000000001	29.73	10	6	0	28	15	38.0	0.01	7	Fog-Snow	284	False	False	True	True
2013-02-01 00:00:00	16	11	5	6	0	-3	76	65	53	30.469999999999999	30.34	30.18	10	9	2	22	8	29.0	1e-10	5	Snow	264	False	False	False	True
2013-02-02 00:00:00	30	22	14	22	18	7	84	71	58	30.300000000000001	30.100000000000001	30.0	10	6	1	20	9	28.0	0.080000000000000002	8	Snow	237	False	False	False	True
2013-02-03 00:00:00	27	19	11	21	15	8	92	80	67	30.149999999999999	30.050000000000001	29.969999999999999	10	5	1	15	4	21.0	1e-10	7	Snow	291	False	False	False	True
2013-02-04 00:00:00	40	26	12	29	23	11	92	72	52	30.120000000000001	29.890000000000001	29.800000000000001	10	7	1	21	6	25.0	0.01	5	Snow	219	False	False	False	True
2013-02-05 00:00:00	39	30	20	31	23	18	92	78	64	30.050000000000001	29.93	29.870000000000001	10	5	2	17	5	22.0	0.0	4		248	False	False	False	False
2013-02-06 00:00:00	37	33	28	28	25	23	78	74	69	30.27	30.199999999999999	30.079999999999998	10	7	5	10	5	15.0	0.0	5		119	False	False	False	False
2013-02-07 00:00:00	61	46	30	46	35	25	93	66	39	30.170000000000002	29.969999999999999	29.82	10	7	3	18	7	23.0	0.14000000000000001	3	Rain	165	True	False	False	False
2013-02-08 00:00:00	46	39	31	40	28	22	93	78	63	30.370000000000001	30.140000000000001	29.870000000000001	10	10	10	15	8	24.0	1e-10	8	Rain	330	True	False	False	False
2013-02-09 00:00:00	43	33	23	24	22	19	88	67	45	30.41	30.32	30.149999999999999	10	10	8	13	5	17.0	0.0	2		124	False	False	False	False
2013-02-10 00:00:00	52	44	35	48	37	21	89	71	52	30.140000000000001	29.890000000000001	29.719999999999999	10	9	2	21	11	32.0	0.27000000000000002	7	Rain	160	True	False	False	False
2013-02-11 00:00:00	53	45	36	48	31	25	89	71	53	30.09	29.91	29.719999999999999	10	10	10	26	14	41.0	0.0	4		255	False	False	False	False
2013-02-12 00:00:00	45	35	24	29	25	20	82	66	49	30.149999999999999	30.059999999999999	29.920000000000002	10	9	4	14	4	17.0	0.0	1		278	False	False	False	False
2013-02-13 00:00:00	44	37	30	29	25	23	85	63	41	29.91	29.859999999999999	29.809999999999999	10	8	5	15	5	22.0	0.0	4		281	False	False	False	False
2013-02-14 00:00:00	52	42	31	36	32	25	89	70	50	30.030000000000001	29.890000000000001	29.84	10	9	6	18	10	26.0	0.0	4		232	False	False	False	False
2013-02-15 00:00:00	39	30	21	28	22	13	85	66	47	30.190000000000001	30.109999999999999	30.0	10	10	7	17	5	24.0	1e-10	5		290	False	False	False	False
2013-02-16 00:00:00	29	24	19	16	12	7	84	63	42	30.170000000000002	30.140000000000001	30.100000000000001	10	10	10	20	6	28.0	0.0	4		303	False	False	False	False
2013-02-17 00:00:00	36	24	12	14	9	4	80	56	32	30.260000000000002	30.199999999999999	30.149999999999999	10	10	10	9	2	14.0	0.0	1		197	False	False	False	False
2013-02-18 00:00:00	58	43	27	43	30	13	86	61	36	30.129999999999999	29.879999999999999	29.620000000000001	10	10	5	32	15	44.0	0.39000000000000001	4	Rain	179	True	False	False	False
2013-02-19 00:00:00	47	35	23	43	19	10	86	71	55	30.190000000000001	29.949999999999999	29.649999999999999	10	10	3	30	16	39.0	0.10000000000000001	8	Rain-Snow	282	True	False	False	True
2013-02-20 00:00:00	28	21	14	13	9	6	73	58	42	30.350000000000001	30.27	30.18	10	10	10	13	6	18.0	0.0	2		317	False	False	False	False
2013-02-21 00:00:00	33	24	15	27	20	12	88	71	54	30.350000000000001	30.190000000000001	29.960000000000001	10	7	0	23	10	32.0	0.29999999999999999	5	Fog-Rain-Snow	91	True	False	True	True
2013-02-22 00:00:00	37	34	31	34	30	23	96	83	70	30.02	29.890000000000001	29.809999999999999	10	5	0	23	10	30.0	0.029999999999999999	8	Fog-Rain	200	True	False	True	False
2013-02-23 00:00:00	38	31	23	23	20	18	75	64	52	30.02	29.989999999999998	29.940000000000001	10	10	9	13	5	17.0	0.0	1		277	False	False	False	False
2013-02-24 00:00:00	45	33	20	25	21	17	88	64	40	30.149999999999999	30.100000000000001	30.0	10	8	4	7	1	10.0	0.0	0		5	False	False	False	False
2013-02-25 00:00:00	47	36	24	26	23	21	88	63	38	30.140000000000001	30.039999999999999	29.809999999999999	10	8	2	18	9	24.0	0.0	1		93	False	False	False	False
2013-02-26 00:00:00	44	40	35	43	35	23	93	72	50	29.77	29.48	29.370000000000001	10	5	1	21	9	25.0	1.1699999999999999	8	Rain	109	True	False	False	False
2013-02-27 00:00:00	40	36	32	37	30	27	92	87	82	29.75	29.670000000000002	29.52	10	4	1	22	11	31.0	0.050000000000000003	8	Snow	251	False	False	False	True
2013-02-28 00:00:00	37	35	32	32	30	27	96	86	76	30.010000000000002	29.879999999999999	29.73	10	7	1	15	8	21.0	0.01	8	Rain-Snow	295	True	False	False	True
2013-03-01 00:00:00	36	34	31	29	28	26	85	80	75	30.07	30.010000000000002	29.960000000000001	10	4	1	13	5	15.0	0.029999999999999999	8	Snow	342	False	False	False	True
2013-03-02 00:00:00	32	30	27	27	22	19	85	72	59	30.140000000000001	30.09	30.030000000000001	10	9	2	20	8	23.0	1e-10	8	Snow	351	False	False	False	True
2013-03-03 00:00:00	37	28	19	22	18	13	84	63	41	30.149999999999999	30.109999999999999	30.07	10	9	2	10	4	14.0	1e-10	3	Snow	291	False	False	False	True
2013-03-04 00:00:00	40	30	19	24	19	15	84	64	44	30.129999999999999	30.050000000000001	29.93	10	10	9	17	7	22.0	1e-10	4	Rain	123	True	False	False	False
2013-03-05 00:00:00	40	35	29	37	29	24	100	80	59	29.91	29.75	29.649999999999999	10	3	0	26	10	44.0	0.26000000000000001	8	Fog-Rain-Snow	280	True	False	True	True
2013-03-06 00:00:00	32	31	29	27	26	25	92	85	78	30.309999999999999	30.030000000000001	29.780000000000001	10	5	1	22	9	33.0	0.040000000000000001	8	Snow	314	False	False	False	True
2013-03-07 00:00:00	36	32	28	27	25	22	85	71	56	30.399999999999999	30.359999999999999	30.27	10	9	6	8	2	12.0	0.0	8		342	False	False	False	False
2013-03-08 00:00:00	47	35	23	27	24	21	88	65	42	30.48	30.41	30.350000000000001	10	9	5	12	3	14.0	0.0	1		90	False	False	False	False
2013-03-09 00:00:00	56	45	33	32	29	23	75	57	38	30.32	30.16	29.960000000000001	10	10	10	16	10	24.0	1e-10	2		141	False	False	False	False
2013-03-10 00:00:00	60	52	50	37	34	32	54	48	42	29.940000000000001	29.920000000000002	29.890000000000001	10	10	10	14	8	26.0	0.0	1		167	False	False	False	False
